{
    "input_mean":[
        2064.4221065335573,
        1.2370177828505047,
        -6.296907123560389,
        -7.303570447561697,
        -7.773906135096537,
        -6.014483781365802,
        -7.45387595064854,
        -6.168886719458053,
        -8.471278976869561,
        -8.177737967256306,
        -8.607326823049751,
        -7.42276159674579,
        -6.935227265332365,
        -5.5653221228483565,
        -6.978903943446097,
        -8.531188351851766,
        -7.890354418659201,
        -9.231762342512434,
        -6.361273346633692,
        -8.542429177720233,
        -8.282042884506513,
        -2.013824138237579,
        -10.0
    ],
    "label_mean":[
        921529.0314644645,
        8.265212922908386e-14,
        118716.00765946721,
        125083.98838133724,
        99051.81466537702,
        11001.62986659753,
        130852.19773980457,
        119276.83819769745,
        77785.50362130167,
        60081.468808835,
        37327.881535481465,
        125024.75388278357,
        56927.55447217092,
        149512.2089455335,
        90131.83646500231,
        42094.36047883626,
        91549.13866693295,
        1727.653430212592,
        89964.75033464395,
        29762.552616008546,
        36220.36743680979,
        -4.218374075505786e-07,
        0.0
    ],
    "input_std":[
        529.1936774108757,
        0.43404592434079226,
        2.4431293679558093,
        1.4404318168673116,
        1.8415751041346093,
        2.984055618805604,
        1.6583384992415053,
        2.7829320376949522,
        1.2170352080635687,
        1.4643852904844346,
        1.1354048789047309,
        1.7717601265218774,
        2.6730029595040907,
        2.7478183443596267,
        2.4393959471187525,
        0.9550310044396816,
        1.6052178078943837,
        0.6649950808601651,
        3.160260208426988,
        1.2682946549051317,
        1.757612485256805,
        2.3136173691507147,
        0.0
    ],
    "label_std":[
        7516146.760668352,
        2.1035810694204096e-10,
        462232.4605559859,
        509000.3179405604,
        522076.4507920946,
        164023.43126378107,
        603372.0181587383,
        502165.6816144907,
        465300.24469454354,
        434106.7894668781,
        383637.57471894973,
        595083.181898312,
        342374.3482250482,
        596762.8210135916,
        395711.9743027064,
        469732.2226703531,
        489572.2292973259,
        326715.90027327277,
        450786.53854931466,
        405829.8036890688,
        358516.6645595913,
        0.0014361802938030205,
        0.0
    ]
}